area_name,status,state,1990,2000,2010,2017
Aberdeen,Micropolitan Statistical Area,SD,39936,39835,40602,43097
Aberdeen,Micropolitan Statistical Area,WA,64175,67141,72804,72697
Abilene,Metropolitan Statistical Area,TX,148004,160273,165248,170219
Ada,Micropolitan Statistical Area,OK,34119,35146,37492,38224
Adjuntas,Micropolitan Statistical Area,PR,19451,19143,19483,17971
Adrian,Micropolitan Statistical Area,MI,91476,98970,99892,98623
Aguadilla - Isabela,Metropolitan Statistical Area,PR,307560,347938,339465,302615
Akron,Metropolitan Statistical Area,OH,657575,694975,703203,703505
Alamogordo,Micropolitan Statistical Area,NM,51928,62195,63817,65817
Albany,Metropolitan Statistical Area,GA,146583,157872,157500,151434
Albany,Metropolitan Statistical Area,OR,91227,103079,116672,125047
Albany - Schenectady - Troy,Metropolitan Statistical Area,NY,809642,825920,870720,886188
Albemarle,Micropolitan Statistical Area,NC,51765,58092,60586,61482
Albert Lea,Micropolitan Statistical Area,MN,33060,32584,31255,30535
Albertville,Micropolitan Statistical Area,AL,70832,82303,93019,95548
Albuquerque,Metropolitan Statistical Area,NM,599416,729729,887061,910726
Alexander City,Micropolitan Statistical Area,AL,38826,41771,41618,40681
Alexandria,Metropolitan Statistical Area,LA,149082,145087,153922,153984
Alexandria,Micropolitan Statistical Area,MN,28674,32808,36009,37575
Alice,Micropolitan Statistical Area,TX,37679,39344,40838,40871
Allentown - Bethlehem - Easton,Metropolitan Statistical Area,PA-NJ,686718,740340,821272,840550
Alma,Micropolitan Statistical Area,MI,38982,42289,42476,41018
Alpena,Micropolitan Statistical Area,MI,30605,31297,29598,28462
Altoona,Metropolitan Statistical Area,PA,130542,129105,127076,123457
Altus,Micropolitan Statistical Area,OK,28764,28439,26446,25125
Amarillo,Metropolitan Statistical Area,TX,198389,228670,251933,264925
Americus,Micropolitan Statistical Area,GA,33822,36988,37827,35060
Ames,Metropolitan Statistical Area,IA,74252,79988,89542,97502
Amsterdam,Micropolitan Statistical Area,NY,51981,49637,50256,49258
Anchorage,Metropolitan Statistical Area,AK,266021,319617,380821,400888
Andrews,Micropolitan Statistical Area,TX,14338,13002,14786,17722
Angola,Micropolitan Statistical Area,IN,27446,33233,34183,34484
Ann Arbor,Metropolitan Statistical Area,MI,282937,322818,345066,367627
Anniston - Oxford - Jacksonville,Metropolitan Statistical Area,AL,116032,111882,118586,114728
Appleton,Metropolitan Statistical Area,WI,174801,201773,225666,236126
Arcadia,Micropolitan Statistical Area,FL,23865,32204,34862,36862
Ardmore,Micropolitan Statistical Area,OK,42919,45614,47726,48190
Arecibo,Metropolitan Statistical Area,PR,176430,199750,199471,181643
Arkadelphia,Micropolitan Statistical Area,AR,21437,23541,22993,22293
Arkansas City - Winfield,Micropolitan Statistical Area,KS,36915,36307,36306,35361
Asheville,Metropolitan Statistical Area,NC,308005,369186,424856,456145
Ashland,Micropolitan Statistical Area,OH,47507,52516,53139,53628
Ashtabula,Micropolitan Statistical Area,OH,99880,102681,101488,97807
Astoria,Micropolitan Statistical Area,OR,33301,35634,37029,39182
Atchison,Micropolitan Statistical Area,KS,16932,16787,16921,16332
Athens,Micropolitan Statistical Area,OH,59549,62193,64764,66597
Athens,Micropolitan Statistical Area,TN,42383,49011,52278,52877
Athens,Micropolitan Statistical Area,TX,58543,73105,78534,81064
Athens - Clarke County,Metropolitan Statistical Area,GA,136025,166028,192564,209271
Atlanta - Sandy Springs - Roswell,Metropolitan Statistical Area,GA,3081858,4263135,5286743,5884736
Atlantic City - Hammonton,Metropolitan Statistical Area,NJ,224327,253210,274540,269918
Atmore,Micropolitan Statistical Area,AL,35518,38452,38319,37447
Auburn,Micropolitan Statistical Area,IN,35324,40303,42219,42836
Auburn,Micropolitan Statistical Area,NY,82313,81910,80003,77603
Auburn - Opelika,Metropolitan Statistical Area,AL,87146,115014,140296,161604
Augusta - Richmond County,Metropolitan Statistical Area,GA-SC,443241,508041,564873,600151
Augusta - Waterville,Micropolitan Statistical Area,ME,115904,117074,122151,121821
Austin,Micropolitan Statistical Area,MN,37385,38604,39163,39566
Austin - Round Rock,Metropolitan Statistical Area,TX,846227,1249963,1716320,2115827
Bainbridge,Micropolitan Statistical Area,GA,25517,28252,27842,26716
Bakersfield,Metropolitan Statistical Area,CA,544981,661632,839621,893119
Baltimore - Columbia - Towson,Metropolitan Statistical Area,MD,2382172,2553137,2710603,2808175
Bangor,Metropolitan Statistical Area,ME,146601,144866,153920,151957
Baraboo,Micropolitan Statistical Area,WI,46975,55187,61976,63981
Bardstown,Micropolitan Statistical Area,KY,29710,37487,43437,45640
Barnstable Town,Metropolitan Statistical Area,MA,186605,222239,215868,213444
Barre,Micropolitan Statistical Area,VT,54928,58034,59526,58290
Bartlesville,Micropolitan Statistical Area,OK,48066,49015,50974,51932
Bastrop,Micropolitan Statistical Area,LA,31938,31037,27979,25641
Batavia,Micropolitan Statistical Area,NY,60060,60548,59944,57956
Batesville,Micropolitan Statistical Area,AR,31192,34246,36642,37504
Baton Rouge,Metropolitan Statistical Area,LA,623850,706122,802500,834159
Battle Creek,Metropolitan Statistical Area,MI,135982,137991,136148,134128
Bay City,Metropolitan Statistical Area,MI,111723,110271,107771,104239
Bay City,Micropolitan Statistical Area,TX,36928,37919,36702,36840
Beatrice,Micropolitan Statistical Area,NE,22794,22992,22311,21601
Beaumont - Port Arthur,Metropolitan Statistical Area,TX,374787,400130,403194,412437
Beaver Dam,Micropolitan Statistical Area,WI,76559,85851,88770,87786
Beckley,Metropolitan Statistical Area,WV,124771,126828,124913,118543
Bedford,Micropolitan Statistical Area,IN,42836,45912,46129,45666
Beeville,Micropolitan Statistical Area,TX,25135,32347,31861,32563
Bellefontaine,Micropolitan Statistical Area,OH,42310,46002,45854,45325
Bellingham,Metropolitan Statistical Area,WA,127780,166822,201145,221404
Bemidji,Micropolitan Statistical Area,MN,34384,39638,44442,46513
Bend - Redmond,Metropolitan Statistical Area,OR,74976,115372,157733,186875
Bennettsville,Micropolitan Statistical Area,SC,29716,28820,28933,26825
Bennington,Micropolitan Statistical Area,VT,35845,36969,37125,35594
Berlin,Micropolitan Statistical Area,NH-VT,41233,39539,39358,37864
Big Rapids,Micropolitan Statistical Area,MI,37308,40547,42798,43391
Big Spring,Micropolitan Statistical Area,TX,33790,35043,36238,37388
Big Stone Gap,Micropolitan Statistical Area,VA,61440,62478,61312,57304
Billings,Metropolitan Statistical Area,MT,122411,139932,158934,170498
Binghamton,Metropolitan Statistical Area,NY,264497,252298,251737,242217
Birmingham - Hoover,Metropolitan Statistical Area,AL,956668,1051340,1128056,1149807
Bismarck,Metropolitan Statistical Area,ND,89973,100809,114778,132142
Blackfoot,Micropolitan Statistical Area,ID,37583,41737,45607,45927
Blacksburg - Christiansburg - Radford,Metropolitan Statistical Area,VA,152680,165161,178253,182993
Bloomington,Metropolitan Statistical Area,IL,145696,167186,186133,188232
Bloomington,Metropolitan Statistical Area,IN,126259,142342,159541,167825
Bloomsburg - Berwick,Metropolitan Statistical Area,PA,80937,82181,85563,84204
Bluefield,Micropolitan Statistical Area,WV-VA,110940,107577,107338,100848
Blytheville,Micropolitan Statistical Area,AR,57525,51999,46480,42159
Bogalusa,Micropolitan Statistical Area,LA,43185,43943,47171,46633
Boise City,Metropolitan Statistical Area,ID,319596,464872,616568,709845
Bonham,Micropolitan Statistical Area,TX,24804,31225,33910,34446
Boone,Micropolitan Statistical Area,IA,25186,26206,26306,26484
Boone,Micropolitan Statistical Area,NC,36952,42684,51064,55121
Borger,Micropolitan Statistical Area,TX,25689,23864,22249,21375
Boston - Cambridge - Newton,Metropolitan Statistical Area,MA-NH,4133895,4392533,4552596,4836531
Boulder,Metropolitan Statistical Area,CO,225339,269784,294572,322514
Bowling Green,Metropolitan Statistical Area,KY,113950,134951,158599,174835
Bozeman,Micropolitan Statistical Area,MT,50484,67837,89513,107810
Bradford,Micropolitan Statistical Area,PA,47131,45908,43450,41330
Brainerd,Micropolitan Statistical Area,MN,66040,82133,91067,93779
Branson,Micropolitan Statistical Area,MO,44639,68281,83882,87054
Breckenridge,Micropolitan Statistical Area,CO,12881,23560,27994,30585
Bremerton - Silverdale,Metropolitan Statistical Area,WA,189731,231982,251137,266414
Brenham,Micropolitan Statistical Area,TX,26154,30412,33700,35043
Brevard,Micropolitan Statistical Area,NC,25520,29316,33087,33956
Bridgeport - Stamford - Norwalk,Metropolitan Statistical Area,CT,827645,882622,916846,949921
Brookhaven,Micropolitan Statistical Area,MS,30278,33191,34869,34347
Brookings,Micropolitan Statistical Area,OR,19327,21147,22364,22669
Brookings,Micropolitan Statistical Area,SD,25207,28233,31962,34255
Brownsville,Micropolitan Statistical Area,TN,19437,19790,18807,17573
Brownsville - Harlingen,Metropolitan Statistical Area,TX,260120,334884,406219,423725
Brownwood,Micropolitan Statistical Area,TX,34371,37668,38106,38053
Brunswick,Metropolitan Statistical Area,GA,82207,93027,112368,118119
Bucyrus,Micropolitan Statistical Area,OH,47870,46909,43785,41746
Buffalo - Cheektowaga - Niagara Falls,Metropolitan Statistical Area,NY,1189340,1170022,1135617,1136856
Burley,Micropolitan Statistical Area,ID,38893,41554,43021,44393
Burlington,Micropolitan Statistical Area,IA-IL,50710,50535,47653,46212
Burlington,Metropolitan Statistical Area,NC,108213,130750,151198,162391
Burlington - South Burlington,Metropolitan Statistical Area,VT,177059,198895,211262,218395
Butte - Silver Bow,Micropolitan Statistical Area,MT,33941,34625,34209,34602
Cadillac,Micropolitan Statistical Area,MI,38507,44948,47584,48274
Calhoun,Micropolitan Statistical Area,GA,35067,44090,55186,57089
California - Lexington Park,Metropolitan Statistical Area,MD,75974,86196,105148,112667
Cambridge,Micropolitan Statistical Area,MD,30236,30671,32618,32162
Cambridge,Micropolitan Statistical Area,OH,39024,40813,40091,39093
Camden,Micropolitan Statistical Area,AR,36400,34507,31489,29115
Campbellsville,Micropolitan Statistical Area,KY,21146,22889,24512,25472
Cañon City,Micropolitan Statistical Area,CO,32273,46140,46824,47559
Canton,Micropolitan Statistical Area,IL,38080,38244,37069,35110
Canton - Massillon,Metropolitan Statistical Area,OH,394106,406966,404428,399927
Cape Coral - Fort Myers,Metropolitan Statistical Area,FL,335113,440910,618754,739224
Cape Girardeau,Metropolitan Statistical Area,MO-IL,82878,90286,96275,96782
Carbondale - Marion,Metropolitan Statistical Area,IL,118800,120907,126580,125612
Carlsbad - Artesia,Micropolitan Statistical Area,NM,48605,51633,53829,56997
Carroll,Micropolitan Statistical Area,IA,21423,21433,20816,20320
Carson City,Metropolitan Statistical Area,NV,40443,52477,55274,54745
Casper,Metropolitan Statistical Area,WY,61226,66541,75450,79547
Cedar City,Micropolitan Statistical Area,UT,20789,33793,46163,51001
Cedar Rapids,Metropolitan Statistical Area,IA,210640,237267,257941,270293
Cedartown,Micropolitan Statistical Area,GA,33815,38102,41475,42085
Celina,Micropolitan Statistical Area,OH,39443,40936,40814,40873
Central City,Micropolitan Statistical Area,KY,31318,31845,31499,30816
Centralia,Micropolitan Statistical Area,IL,41561,41678,39437,37902
Centralia,Micropolitan Statistical Area,WA,59358,68585,75457,78200
Chambersburg - Waynesboro,Metropolitan Statistical Area,PA,121082,129495,149618,154234
Champaign - Urbana,Metropolitan Statistical Area,IL,202848,210299,231889,239124
Charleston,Metropolitan Statistical Area,WV,243472,235995,227061,214406
Charleston - Mattoon,Micropolitan Statistical Area,IL,62314,64521,64921,62887
Charleston - North Charleston,Metropolitan Statistical Area,SC,506877,549021,664644,775831
Charlotte - Concord - Gastonia,Metropolitan Statistical Area,NC-SC,1341437,1717647,2216992,2525305
Charlottesville,Metropolitan Statistical Area,VA,157024,189601,218707,233793
Chattanooga,Metropolitan Statistical Area,TN-GA,433039,476611,528152,556548
Cheyenne,Metropolitan Statistical Area,WY,73142,81617,91881,98327
Chicago - Naperville - Elgin,Metropolitan Statistical Area,IL-IN-WI,8181939,9098970,9461541,9533040
Chico,Metropolitan Statistical Area,CA,182120,203125,220002,229294
Chillicothe,Micropolitan Statistical Area,OH,69330,73382,78065,77313
Cincinnati,Metropolitan Statistical Area,OH-KY-IN,1832284,1994818,2114686,2179082
Claremont - Lebanon,Micropolitan Statistical Area,NH-VT,193725,207897,218467,216537
Clarksburg,Micropolitan Statistical Area,WV,91509,92061,94196,93301
Clarksdale,Micropolitan Statistical Area,MS,31665,30617,26145,23154
Clarksville,Metropolitan Statistical Area,TN-KY,179800,219727,260635,285042
Clearlake,Micropolitan Statistical Area,CA,50631,58331,64665,64246
Cleveland,Micropolitan Statistical Area,MS,41875,40619,34148,31945
Cleveland,Metropolitan Statistical Area,TN,87355,104012,115758,122317
Cleveland - Elyria,Metropolitan Statistical Area,OH,2102207,2148041,2077271,2058844
Clewiston,Micropolitan Statistical Area,FL,25773,36184,39140,40347
Clinton,Micropolitan Statistical Area,IA,51040,50159,49116,47010
Clovis,Micropolitan Statistical Area,NM,42207,45050,48376,49812
Coamo,Micropolitan Statistical Area,PR,33837,37597,40512,39071
Coco,Micropolitan Statistical Area,PR,28335,31113,31078,28216
Coeur d'Alene,Metropolitan Statistical Area,ID,69795,108682,138464,157637
Coffeyville,Micropolitan Statistical Area,KS,38816,36267,35468,32556
Coldwater,Micropolitan Statistical Area,MI,41502,45781,45248,43410
College Station - Bryan,Metropolitan Statistical Area,TX,150998,184857,228668,258044
Colorado Springs,Metropolitan Statistical Area,CO,409482,537475,645615,723878
Columbia,Metropolitan Statistical Area,MO,112379,135477,162643,178271
Columbia,Metropolitan Statistical Area,SC,548935,647216,767476,825033
Columbus,Metropolitan Statistical Area,GA-AL,266452,281878,295531,303811
Columbus,Metropolitan Statistical Area,IN,63657,71467,76786,82040
Columbus,Micropolitan Statistical Area,MS,59308,61596,59779,59186
Columbus,Micropolitan Statistical Area,NE,29820,31574,32237,33175
Columbus,Metropolitan Statistical Area,OH,1462268,1675226,1902001,2078725
Concord,Micropolitan Statistical Area,NH,120240,136264,146447,149216
Connersville,Micropolitan Statistical Area,IN,26015,25591,24302,23209
Cookeville,Micropolitan Statistical Area,TN,78306,93426,106063,111363
Coos Bay,Micropolitan Statistical Area,OR,60273,62795,63043,63888
Cordele,Micropolitan Statistical Area,GA,20011,22020,23439,22736
Corinth,Micropolitan Statistical Area,MS,31722,34519,37057,37210
Cornelia,Micropolitan Statistical Area,GA,27622,35884,43041,44567
Corning,Micropolitan Statistical Area,NY,99088,98681,98986,96281
Corpus Christi,Metropolitan Statistical Area,TX,367786,403242,428188,454008
Corsicana,Micropolitan Statistical Area,TX,39926,45113,47840,48701
Cortland,Micropolitan Statistical Area,NY,48963,48704,49285,47786
Corvallis,Metropolitan Statistical Area,OR,70811,78143,85592,90951
Coshocton,Micropolitan Statistical Area,OH,35427,36654,36898,36544
Craig,Micropolitan Statistical Area,CO,11357,13178,13795,13131
Crawfordsville,Micropolitan Statistical Area,IN,34436,37629,38121,38525
Crescent City,Micropolitan Statistical Area,CA,23460,27505,28610,27470
Crestview - Fort Walton Beach - Destin,Metropolitan Statistical Area,FL,171536,211081,235865,271346
Crossville,Micropolitan Statistical Area,TN,34736,46781,56062,59078
Cullman,Micropolitan Statistical Area,AL,67613,77426,80410,82755
Cullowhee,Micropolitan Statistical Area,NC,26835,33103,40276,42973
Cumberland,Metropolitan Statistical Area,MD-WV,101643,101995,103261,98837
Dallas - Fort Worth - Arlington,Metropolitan Statistical Area,TX,4018778,5204627,6426231,7399662
Dalton,Metropolitan Statistical Area,GA,98609,120062,142227,144440
Danville,Metropolitan Statistical Area,IL,88257,83929,81625,77909
Danville,Micropolitan Statistical Area,KY,45686,51001,53170,54380
Danville,Micropolitan Statistical Area,VA,108728,110102,106550,102388
Daphne - Fairhope - Foley,Metropolitan Statistical Area,AL,98280,140416,182265,212628
Davenport - Moline - Rock Island,Metropolitan Statistical Area,IA-IL,368145,376067,379689,382263
Dayton,Metropolitan Statistical Area,OH,803724,805971,799251,803416
Dayton,Micropolitan Statistical Area,TN,24344,28398,31802,32691
Decatur,Metropolitan Statistical Area,AL,131556,145910,153825,151867
Decatur,Metropolitan Statistical Area,IL,117206,114690,110768,105801
Decatur,Micropolitan Statistical Area,IN,31095,33605,34387,35491
Defiance,Micropolitan Statistical Area,OH,39350,39502,39031,38156
Del Rio,Micropolitan Statistical Area,TX,38721,44834,48879,49205
Deltona - Daytona Beach - Ormond Beach,Metropolitan Statistical Area,FL,399438,493203,590294,649202
Deming,Micropolitan Statistical Area,NM,18110,24986,25096,24078
Denver - Aurora - Lakewood,Metropolitan Statistical Area,CO,1650489,2179476,2543592,2888227
DeRidder,Micropolitan Statistical Area,LA,30083,32948,35654,36928
Des Moines - West Des Moines,Metropolitan Statistical Area,IA,416346,481399,569633,645911
Detroit - Warren - Dearborn,Metropolitan Statistical Area,MI,4248699,4452778,4296317,4313002
Dickinson,Micropolitan Statistical Area,ND,22832,22635,24199,30209
Dixon,Micropolitan Statistical Area,IL,34392,36062,36031,34406
Dodge City,Micropolitan Statistical Area,KS,27463,32452,33848,34381
Dothan,Metropolitan Statistical Area,AL,120352,130828,145643,147914
Douglas,Micropolitan Statistical Area,GA,29592,37421,42356,43014
Dover,Metropolitan Statistical Area,DE,110993,126771,162349,176824
Dublin,Micropolitan Statistical Area,GA,48317,53387,58418,57118
DuBois,Micropolitan Statistical Area,PA,78097,83529,81594,79685
Dubuque,Metropolitan Statistical Area,IA,86403,89133,93653,97041
Duluth,Metropolitan Statistical Area,MN-WI,269249,275579,279771,278782
Dumas,Micropolitan Statistical Area,TX,17865,20123,21904,22097
Duncan,Micropolitan Statistical Area,OK,42299,43204,45048,43332
Dunn,Micropolitan Statistical Area,NC,67833,90978,114697,132754
Durango,Micropolitan Statistical Area,CO,32284,43957,51335,55589
Durant,Micropolitan Statistical Area,OK,32089,36524,42416,46319
Durham - Chapel Hill,Metropolitan Statistical Area,NC,344665,423858,506623,567428
Dyersburg,Micropolitan Statistical Area,TN,34854,37284,38330,37463
Eagle Pass,Micropolitan Statistical Area,TX,36378,47285,54258,58216
Easton,Micropolitan Statistical Area,MD,30549,33806,37782,37103
East Stroudsburg,Metropolitan Statistical Area,PA,95681,138615,169838,168046
Eau Claire,Metropolitan Statistical Area,WI,137543,148345,161390,167484
Edwards,Micropolitan Statistical Area,CO,21928,41623,52197,54772
Effingham,Micropolitan Statistical Area,IL,31704,34267,34242,34132
El Campo,Micropolitan Statistical Area,TX,39955,41191,41280,41968
El Centro,Metropolitan Statistical Area,CA,109303,142334,174528,182830
El Dorado,Micropolitan Statistical Area,AR,46719,45633,41639,39449
Elizabeth City,Micropolitan Statistical Area,NC,47649,53143,64094,63798
Elizabethtown - Fort Knox,Metropolitan Statistical Area,KY,125089,133981,148351,150430
Elk City,Micropolitan Statistical Area,OK,18812,19807,22119,21793
Elkhart - Goshen,Metropolitan Statistical Area,IN,156198,182793,197561,205032
Elkins,Micropolitan Statistical Area,WV,27803,28274,29405,28785
Elko,Micropolitan Statistical Area,NV,35010,46938,50929,54610
Ellensburg,Micropolitan Statistical Area,WA,26725,33369,40906,46205
Elmira,Metropolitan Statistical Area,NY,95195,91119,88841,85557
El Paso,Metropolitan Statistical Area,TX,594525,682917,804123,844818
Emporia,Micropolitan Statistical Area,KS,34732,35934,33690,33392
Enid,Metropolitan Statistical Area,OK,56735,57811,60580,61581
Enterprise,Micropolitan Statistical Area,AL,40240,43639,49948,51874
Erie,Metropolitan Statistical Area,PA,275575,280907,280564,274541
Escanaba,Micropolitan Statistical Area,MI,37780,38528,37069,35965
Española,Micropolitan Statistical Area,NM,34365,41171,40234,39159
Eufaula,Micropolitan Statistical Area,AL-GA,27627,31638,29970,27628
Eugene,Metropolitan Statistical Area,OR,282912,323011,351713,374748
Eureka - Arcata - Fortuna,Micropolitan Statistical Area,CA,119118,126508,134623,136754
Evanston,Micropolitan Statistical Area,WY,18705,19745,21118,20495
Evansville,Metropolitan Statistical Area,IN-KY,278990,296236,311554,315669
Fairbanks,Metropolitan Statistical Area,AK,77720,82849,97585,99703
Fairfield,Micropolitan Statistical Area,IA,16310,16180,16840,18422
Fairmont,Micropolitan Statistical Area,MN,22914,21807,20840,19850
Fairmont,Micropolitan Statistical Area,WV,57249,56603,56418,56337
Fallon,Micropolitan Statistical Area,NV,17938,23984,24877,24230
Fargo,Metropolitan Statistical Area,ND-MN,153296,174398,208777,241356
Faribault - Northfield,Micropolitan Statistical Area,MN,49183,56663,64142,65968
Farmington,Micropolitan Statistical Area,MO,48904,55643,65370,66705
Farmington,Metropolitan Statistical Area,NM,91605,113812,130045,126926
Fayetteville,Metropolitan Statistical Area,NC,297569,336686,366322,386662
Fayetteville - Springdale - Rogers,Metropolitan Statistical Area,AR-MO,239495,347040,463210,537463
Fergus Falls,Micropolitan Statistical Area,MN,50714,57083,57303,58345
Fernley,Micropolitan Statistical Area,NV,20001,34503,51980,54122
Findlay,Micropolitan Statistical Area,OH,65536,71303,74789,75754
Fitzgerald,Micropolitan Statistical Area,GA,16245,17498,17634,16996
Flagstaff,Metropolitan Statistical Area,AZ,96591,116320,134435,140776
Flint,Metropolitan Statistical Area,MI,430459,436213,425788,407385
Florence,Metropolitan Statistical Area,SC,176195,193153,205571,205831
Florence - Muscle Shoals,Metropolitan Statistical Area,AL,131327,142931,147137,147038
Fond du Lac,Metropolitan Statistical Area,WI,90083,97284,101630,102548
Forest City,Micropolitan Statistical Area,NC,56956,62923,67816,66551
Forrest City,Micropolitan Statistical Area,AR,28497,29330,28254,25930
Fort Collins,Metropolitan Statistical Area,CO,186136,251489,299628,343976
Fort Dodge,Micropolitan Statistical Area,IA,40342,40230,38013,36605
Fort Leonard Wood,Micropolitan Statistical Area,MO,41307,41170,52274,52059
Fort Madison - Keokuk,Micropolitan Statistical Area,IA-IL-MO,67607,65649,62095,59038
Fort Morgan,Micropolitan Statistical Area,CO,21939,27172,28159,28192
Fort Payne,Micropolitan Statistical Area,AL,54651,64436,71115,71617
Fort Polk South,Micropolitan Statistical Area,LA,61961,52539,52334,50726
Fort Smith,Metropolitan Statistical Area,AR-OK,219181,255404,280538,282086
Fort Wayne,Metropolitan Statistical Area,IN,354435,390102,416254,434617
Frankfort,Micropolitan Statistical Area,IN,30974,33879,33223,32317
Frankfort,Micropolitan Statistical Area,KY,58714,66796,70704,73029
Fredericksburg,Micropolitan Statistical Area,TX,17204,20806,24837,26646
Freeport,Micropolitan Statistical Area,IL,48052,48995,47711,45054
Fremont,Micropolitan Statistical Area,NE,34500,36150,36685,36707
Fremont,Micropolitan Statistical Area,OH,61963,61797,60946,59195
Fresno,Metropolitan Statistical Area,CA,667479,798766,930495,989255
Gadsden,Metropolitan Statistical Area,AL,99840,103448,104427,102755
Gaffney,Micropolitan Statistical Area,SC,44506,52532,55467,57105
Gainesville,Metropolitan Statistical Area,FL,191263,232393,264276,284687
Gainesville,Metropolitan Statistical Area,GA,95434,139615,179697,199335
Gainesville,Micropolitan Statistical Area,TX,30777,36370,38430,39895
Galesburg,Micropolitan Statistical Area,IL,56393,55842,52919,50638
Gallup,Micropolitan Statistical Area,NM,60686,74795,71488,72564
Garden City,Micropolitan Statistical Area,KS,37097,45042,40762,41044
Gardnerville Ranchos,Micropolitan Statistical Area,NV,27637,41245,46997,48309
Georgetown,Micropolitan Statistical Area,SC,46302,55823,60158,61607
Gettysburg,Metropolitan Statistical Area,PA,78274,91207,101417,102336
Gillette,Micropolitan Statistical Area,WY,29370,33705,46133,46242
Glasgow,Micropolitan Statistical Area,KY,42964,48070,52272,53908
Glens Falls,Metropolitan Statistical Area,NY,118539,124295,128936,126152
Glenwood Springs,Micropolitan Statistical Area,CO,42635,58675,73537,77008
Gloversville,Micropolitan Statistical Area,NY,54191,55053,55523,53877
Goldsboro,Metropolitan Statistical Area,NC,104666,113449,122646,124172
Grand Forks,Metropolitan Statistical Area,ND-MN,103272,97489,98464,102414
Grand Island,Metropolitan Statistical Area,NE,71906,77735,81850,85045
Grand Junction,Metropolitan Statistical Area,CO,93145,116939,146717,151616
Grand Rapids,Micropolitan Statistical Area,MN,40844,43909,45058,45137
Grand Rapids - Wyoming,Metropolitan Statistical Area,MI,791515,930880,988940,1059113
Grants,Micropolitan Statistical Area,NM,23794,25588,27215,26853
Grants Pass,Metropolitan Statistical Area,OR,62649,75729,82713,86352
Great Bend,Micropolitan Statistical Area,KS,29382,28200,27672,26476
Great Falls,Metropolitan Statistical Area,MT,77691,80356,81324,81654
Greeley,Metropolitan Statistical Area,CO,131821,180766,252839,304633
Green Bay,Metropolitan Statistical Area,WI,243698,282489,306241,320050
Greeneville,Micropolitan Statistical Area,TN,55832,62911,68825,68808
Greenfield Town,Micropolitan Statistical Area,MA,70086,71540,71372,70702
Greensboro - High Point,Metropolitan Statistical Area,NC,540041,643369,723850,761184
Greensburg,Micropolitan Statistical Area,IN,23645,24559,25731,26737
Greenville,Micropolitan Statistical Area,MS,67935,63035,51135,46221
Greenville,Metropolitan Statistical Area,NC,108480,133759,168166,179042
Greenville,Micropolitan Statistical Area,OH,53617,53313,52969,51536
Greenville - Anderson - Mauldin,Metropolitan Statistical Area,SC,617332,725544,824109,895923
Greenwood,Micropolitan Statistical Area,MS,46578,48702,42979,39362
Greenwood,Micropolitan Statistical Area,SC,83429,92462,95077,95077
Grenada,Micropolitan Statistical Area,MS,21555,23273,21906,21087
Guayama,Metropolitan Statistical Area,PR,80131,83570,84196,76166
Gulfport - Biloxi - Pascagoula,Metropolitan Statistical Area,MS,312368,363961,370787,394232
Guymon,Micropolitan Statistical Area,OK,16419,20098,20640,20900
Hagerstown - Martinsburg,Metropolitan Statistical Area,MD-WV,180646,207810,251602,265498
Hailey,Micropolitan Statistical Area,ID,17587,24025,27701,28444
Hammond,Metropolitan Statistical Area,LA,85709,100481,121101,132497
Hanford - Corcoran,Metropolitan Statistical Area,CA,101469,129470,152982,150101
Hannibal,Micropolitan Statistical Area,MO,36158,37899,38948,38858
Harrisburg - Carlisle,Metropolitan Statistical Area,PA,474242,509011,549473,571903
Harrison,Micropolitan Statistical Area,AR,35963,42543,45237,45209
Harrisonburg,Metropolitan Statistical Area,VA,88189,108215,125223,134442
Hartford - West Hartford - East Hartford,Metropolitan Statistical Area,CT,1123678,1148649,1212398,1210259
Hastings,Micropolitan Statistical Area,NE,29625,31150,31367,31678
Hattiesburg,Metropolitan Statistical Area,MS,109603,123922,142857,148877
Hays,Micropolitan Statistical Area,KS,26004,27506,28452,28689
Heber,Micropolitan Statistical Area,UT,10089,15206,23525,32106
Helena,Micropolitan Statistical Area,MT,55434,65750,74798,79664
Helena - West Helena,Micropolitan Statistical Area,AR,28830,26438,21755,18572
Henderson,Micropolitan Statistical Area,NC,38892,42946,45419,44211
Hereford,Micropolitan Statistical Area,TX,19153,18565,19372,18836
Hermiston - Pendleton,Micropolitan Statistical Area,OR,66874,81551,87062,88151
Hickory - Lenoir - Morganton,Metropolitan Statistical Area,NC,292405,341854,365835,366534
Hillsdale,Micropolitan Statistical Area,MI,43431,46540,46688,45879
Hilo,Micropolitan Statistical Area,HI,120317,148641,185076,200381
Hilton Head Island - Bluffton - Beaufort,Metropolitan Statistical Area,SC,101912,141603,187010,215302
Hinesville,Metropolitan Statistical Area,GA,58947,71934,77919,80400
Hobbs,Micropolitan Statistical Area,NM,55765,55528,64727,68759
Holland,Micropolitan Statistical Area,MI,90509,105631,111410,116447
Homosassa Springs,Metropolitan Statistical Area,FL,93513,118106,141236,145647
Honolulu,Metropolitan Statistical Area,HI,836231,876159,953209,988650
Hood River,Micropolitan Statistical Area,OR,16903,20407,22346,23377
Hope,Micropolitan Statistical Area,AR,31722,33537,31613,30188
Hot Springs,Metropolitan Statistical Area,AR,73397,88122,96011,98658
Houghton,Micropolitan Statistical Area,MI,37147,38309,38784,38410
Houma - Thibodaux,Metropolitan Statistical Area,LA,182842,194517,208183,210512
Houston - The Woodlands - Sugar Land,Metropolitan Statistical Area,TX,3750846,4693520,5920486,6892427
Hudson,Micropolitan Statistical Area,NY,62982,63074,63066,60604
Huntingdon,Micropolitan Statistical Area,PA,44164,45613,46031,45491
Huntington,Micropolitan Statistical Area,IN,35427,38078,37124,36337
Huntington - Ashland,Metropolitan Statistical Area,WV-KY-OH,352406,362350,364928,356474
Huntsville,Metropolitan Statistical Area,AL,293047,342666,417593,455448
Huntsville,Micropolitan Statistical Area,TX,62362,75505,82536,86912
Huron,Micropolitan Statistical Area,SD,18253,17027,17399,18157
Hutchinson,Micropolitan Statistical Area,KS,62389,64793,64511,62510
Hutchinson,Micropolitan Statistical Area,MN,32030,34906,36651,35884
Idaho Falls,Metropolitan Statistical Area,ID,91668,104559,133333,145643
Indiana,Micropolitan Statistical Area,PA,89994,89593,88893,84953
Indianapolis - Carmel - Anderson,Metropolitan Statistical Area,IN,1424886,1658439,1888090,2028614
Indianola,Micropolitan Statistical Area,MS,35129,34382,29385,25981
Ionia,Micropolitan Statistical Area,MI,57024,61539,63905,64291
Iowa City,Metropolitan Statistical Area,IA,115731,131662,152586,171491
Iron Mountain,Micropolitan Statistical Area,MI-WI,31421,32553,30591,29786
Ithaca,Metropolitan Statistical Area,NY,94097,96487,101594,104802
Jackson,Metropolitan Statistical Area,MI,149756,158426,160248,158640
Jackson,Metropolitan Statistical Area,MS,472447,525407,567645,578715
Jackson,Micropolitan Statistical Area,OH,30230,32653,33226,32449
Jackson,Metropolitan Statistical Area,TN,104179,121969,130018,129235
Jackson,Micropolitan Statistical Area,WY-ID,14612,24263,31459,34646
Jacksonville,Metropolitan Statistical Area,FL,925213,1122821,1345598,1504980
Jacksonville,Micropolitan Statistical Area,IL,42041,42166,40906,38800
Jacksonville,Metropolitan Statistical Area,NC,149838,150418,177799,193893
Jacksonville,Micropolitan Statistical Area,TX,41049,46716,50834,52240
Jamestown,Micropolitan Statistical Area,ND,22241,21912,21100,21087
Jamestown - Dunkirk - Fredonia,Micropolitan Statistical Area,NY,141895,139698,134904,129046
Janesville - Beloit,Metropolitan Statistical Area,WI,139510,152315,160331,162309
Jasper,Micropolitan Statistical Area,IN,49125,52703,54653,54923
Jayuya,Micropolitan Statistical Area,PR,15527,17318,16642,14625
Jefferson,Micropolitan Statistical Area,GA,30005,41612,60460,67519
Jefferson City,Metropolitan Statistical Area,MO,120704,140033,149805,151465
Jennings,Micropolitan Statistical Area,LA,30722,31432,31594,31477
Jesup,Micropolitan Statistical Area,GA,22356,26571,30099,29817
Johnson City,Metropolitan Statistical Area,TN,160390,181585,198755,202053
Johnstown,Metropolitan Statistical Area,PA,163062,152555,143674,133054
Jonesboro,Metropolitan Statistical Area,AR,93620,107756,121026,131269
Joplin,Metropolitan Statistical Area,MO,134910,157300,175516,178507
Junction City,Micropolitan Statistical Area,KS,30453,27849,34357,33855
Juneau,Micropolitan Statistical Area,AK,26752,30704,31275,32094
Kahului - Wailuku - Lahaina,Metropolitan Statistical Area,HI,100504,128237,154925,166348
Kalamazoo - Portage,Metropolitan Statistical Area,MI,293471,314841,326590,338338
Kalispell,Micropolitan Statistical Area,MT,59218,74507,90928,100000
Kankakee,Metropolitan Statistical Area,IL,96255,103825,113449,109605
Kansas City,Metropolitan Statistical Area,MO-KS,1614533,1811788,2009338,2128912
Kapaa,Micropolitan Statistical Area,HI,51177,58460,67091,72159
Kearney,Micropolitan Statistical Area,NE,44076,49119,52591,56262
Keene,Micropolitan Statistical Area,NH,70121,73811,77117,75960
Kendallville,Micropolitan Statistical Area,IN,37877,46468,47540,47452
Kennett,Micropolitan Statistical Area,MO,33112,33184,31953,30119
Kennewick - Richland,Metropolitan Statistical Area,WA,150033,191851,253334,290296
Kerrville,Micropolitan Statistical Area,TX,36304,43646,49625,51720
Ketchikan,Micropolitan Statistical Area,AK,13828,14074,13491,13856
Key West,Micropolitan Statistical Area,FL,78024,79602,73090,77013
Kill Devil Hills,Micropolitan Statistical Area,NC,26602,34102,38327,40151
Killeen - Temple,Metropolitan Statistical Area,TX,268820,330726,405310,443773
Kingsport - Bristol - Bristol,Metropolitan Statistical Area,TN-VA,275678,298564,309512,306659
Kingston,Metropolitan Statistical Area,NY,165380,177726,182512,179417
Kingsville,Micropolitan Statistical Area,TX,30734,32024,32474,31505
Kinston,Micropolitan Statistical Area,NC,57274,59636,59518,56883
Kirksville,Micropolitan Statistical Area,MO,28813,29141,30038,29885
Klamath Falls,Micropolitan Statistical Area,OR,57702,63771,66380,66935
Knoxville,Metropolitan Statistical Area,TN,651611,748231,837675,877104
Kokomo,Metropolitan Statistical Area,IN,80827,84961,82752,82363
Laconia,Micropolitan Statistical Area,NH,49216,56268,60072,60785
La Crosse - Onalaska,Metropolitan Statistical Area,WI-MN,116401,126881,133665,136934
Lafayette,Metropolitan Statistical Area,LA,383093,424983,466744,491558
Lafayette - West Lafayette,Metropolitan Statistical Area,IN,158848,178549,201798,219239
La Grande,Micropolitan Statistical Area,OR,23598,24522,25744,26222
LaGrange,Micropolitan Statistical Area,GA,55532,58753,67040,69786
Lake Charles,Metropolitan Statistical Area,LA,177394,193571,199629,209357
Lake City,Micropolitan Statistical Area,FL,42613,56413,67530,69612
Lake Havasu City - Kingman,Metropolitan Statistical Area,AZ,93497,154981,200185,207200
Lakeland - Winter Haven,Metropolitan Statistical Area,FL,405382,483888,602095,686483
Lamesa,Micropolitan Statistical Area,TX,14349,14987,13833,12813
Lancaster,Metropolitan Statistical Area,PA,422822,470783,519447,542903
Lansing - East Lansing,Metropolitan Statistical Area,MI,432684,447845,464032,477656
Laramie,Micropolitan Statistical Area,WY,30797,32029,36299,38332
Laredo,Metropolitan Statistical Area,TX,133239,193124,250304,274794
Las Cruces,Metropolitan Statistical Area,NM,135510,174880,209222,215579
Las Vegas,Micropolitan Statistical Area,NM,25743,30089,29387,27748
Las Vegas - Henderson - Paradise,Metropolitan Statistical Area,NV,741368,1375741,1951269,2204079
Laurel,Micropolitan Statistical Area,MS,79145,83103,84823,84512
Laurinburg,Micropolitan Statistical Area,NC,33763,35952,36157,35093
Lawrence,Metropolitan Statistical Area,KS,81798,99953,110826,120793
Lawrenceburg,Micropolitan Statistical Area,TN,35303,39910,41851,43396
Lawton,Metropolitan Statistical Area,OK,118137,121599,130291,127349
Lebanon,Micropolitan Statistical Area,MO,27158,32532,35571,35443
Lebanon,Metropolitan Statistical Area,PA,113744,120202,133577,139754
Levelland,Micropolitan Statistical Area,TX,24199,22719,22927,23088
Lewisburg,Micropolitan Statistical Area,PA,36176,41583,44949,44595
Lewisburg,Micropolitan Statistical Area,TN,21539,26761,30606,32931
Lewiston,Metropolitan Statistical Area,ID-WA,51359,57971,60893,62920
Lewiston - Auburn,Metropolitan Statistical Area,ME,105259,103803,107702,107651
Lewistown,Micropolitan Statistical Area,PA,46197,46471,46682,46388
Lexington,Micropolitan Statistical Area,NE,21868,26513,26370,25737
Lexington - Fayette,Metropolitan Statistical Area,KY,348428,408411,472102,512650
Liberal,Micropolitan Statistical Area,KS,18743,22517,22950,22159
Lima,Metropolitan Statistical Area,OH,109755,108464,106326,103198
Lincoln,Micropolitan Statistical Area,IL,30798,31199,30305,29245
Lincoln,Metropolitan Statistical Area,NE,229091,266798,302157,331519
Little Rock - North Little Rock - Conway,Metropolitan Statistical Area,AR,534943,610470,699786,738344
Lock Haven,Micropolitan Statistical Area,PA,37182,37879,39241,38998
Logan,Metropolitan Statistical Area,UT-ID,79415,102722,125442,138002
Logan,Micropolitan Statistical Area,WV,43032,37705,36745,32925
Logansport,Micropolitan Statistical Area,IN,38413,40924,38966,37994
London,Micropolitan Statistical Area,KY,106440,120326,126369,127615
Longview,Metropolitan Statistical Area,TX,180053,194046,214384,217481
Longview,Metropolitan Statistical Area,WA,82119,92945,102408,106910
Los Alamos,Micropolitan Statistical Area,NM,18115,18347,17950,18738
Los Angeles - Long Beach - Anaheim,Metropolitan Statistical Area,CA,11273720,12365597,12828961,13353907
Louisville/Jefferson County,Metropolitan Statistical Area,KY-IN,1023267,1121521,1235706,1293953
Lubbock,Metropolitan Statistical Area,TX,236698,256263,290870,316983
Ludington,Micropolitan Statistical Area,MI,25537,28283,28687,29073
Lufkin,Micropolitan Statistical Area,TX,69884,80123,86771,87805
Lumberton,Micropolitan Statistical Area,NC,105170,123170,134233,132606
Lynchburg,Metropolitan Statistical Area,VA,206226,228541,252660,261254
Macomb,Micropolitan Statistical Area,IL,35244,32906,32612,30823
Macon,Metropolitan Statistical Area,GA,206786,222479,232286,228914
Madera,Metropolitan Statistical Area,CA,88090,123179,150843,156890
Madison,Micropolitan Statistical Area,IN,29797,31712,32404,32089
Madison,Metropolitan Statistical Area,WI,462662,535453,605428,654230
Madisonville,Micropolitan Statistical Area,KY,46126,46519,46920,45547
Magnolia,Micropolitan Statistical Area,AR,25691,25612,24552,23627
Malone,Micropolitan Statistical Area,NY,46540,51110,51606,51116
Malvern,Micropolitan Statistical Area,AR,26115,30413,33009,33574
Manchester - Nashua,Metropolitan Statistical Area,NH,335838,380856,400717,409697
Manhattan,Metropolitan Statistical Area,KS,83267,81162,92742,98080
Manitowoc,Micropolitan Statistical Area,WI,80421,82907,81442,79175
Mankato - North Mankato,Metropolitan Statistical Area,MN,82120,85711,96740,100939
Mansfield,Metropolitan Statistical Area,OH,126137,128932,124476,120589
Marietta,Micropolitan Statistical Area,OH,62254,63242,61778,60418
Marinette,Micropolitan Statistical Area,WI-MI,65468,68715,65778,63356
Marion,Micropolitan Statistical Area,IN,74169,73410,70063,66491
Marion,Micropolitan Statistical Area,NC,35681,42134,44996,45159
Marion,Micropolitan Statistical Area,OH,64274,66198,66501,64967
Marquette,Micropolitan Statistical Area,MI,70887,64634,67077,66502
Marshall,Micropolitan Statistical Area,MN,24789,25437,25857,25831
Marshall,Micropolitan Statistical Area,MO,23523,23764,23370,22660
Marshall,Micropolitan Statistical Area,TX,57483,62096,65629,66661
Marshalltown,Micropolitan Statistical Area,IA,38276,39332,40648,40288
Martin,Micropolitan Statistical Area,TN,31972,34917,35015,33337
Martinsville,Micropolitan Statistical Area,VA,73104,73362,67996,64369
Maryville,Micropolitan Statistical Area,MO,21709,21913,23370,22472
Mason City,Micropolitan Statistical Area,IA,54724,54358,51749,50475
Mayagüez,Metropolitan Statistical Area,PR,115583,115048,106330,91557
Mayfield,Micropolitan Statistical Area,KY,33550,37024,37121,37121
Maysville,Micropolitan Statistical Area,KY,16666,16812,17490,17174
McAlester,Micropolitan Statistical Area,OK,40950,43944,45837,44184
McAllen - Edinburg - Mission,Metropolitan Statistical Area,TX,383545,569099,774770,860661
McComb,Micropolitan Statistical Area,MS,50210,52522,53535,51915
McMinnville,Micropolitan Statistical Area,TN,32992,38275,39824,40651
McPherson,Micropolitan Statistical Area,KS,27268,29560,29152,28708
Meadville,Micropolitan Statistical Area,PA,86166,90352,88761,86159
Medford,Metropolitan Statistical Area,OR,146387,181281,203206,217479
Memphis,Metropolitan Statistical Area,TN-MS-AR,1075309,1213285,1324827,1348260
Menomonie,Micropolitan Statistical Area,WI,35909,39853,43857,44693
Merced,Metropolitan Statistical Area,CA,178403,211178,255798,272673
Meridian,Micropolitan Statistical Area,MS,103224,106411,107454,101866
Merrill,Micropolitan Statistical Area,WI,26993,29625,28743,27838
Mexico,Micropolitan Statistical Area,MO,23599,25857,25529,25641
Miami,Micropolitan Statistical Area,OK,30561,33164,31848,31312
Miami - Fort Lauderdale - West Palm Beach,Metropolitan Statistical Area,FL,4056228,5007956,5566299,6158824
Michigan City - La Porte,Metropolitan Statistical Area,IN,107066,110099,111467,110029
Middlesborough,Micropolitan Statistical Area,KY,31506,30049,28691,26894
Midland,Metropolitan Statistical Area,MI,75651,82797,83629,83411
Midland,Metropolitan Statistical Area,TX,111567,120780,141671,170675
Milledgeville,Micropolitan Statistical Area,GA,48438,54699,55242,53467
Milwaukee - Waukesha - West Allis,Metropolitan Statistical Area,WI,1432149,1500788,1555954,1576236
Mineral Wells,Micropolitan Statistical Area,TX,25055,27015,28122,28570
Minneapolis - St. Paul - Bloomington,Metropolitan Statistical Area,MN-WI,2595051,3032340,3348858,3600618
Minot,Micropolitan Statistical Area,ND,67609,67394,69539,77309
Missoula,Metropolitan Statistical Area,MT,78687,95803,109299,117441
Mitchell,Micropolitan Statistical Area,SD,20497,21887,22835,23127
Moberly,Micropolitan Statistical Area,MO,24370,24663,25414,24945
Mobile,Metropolitan Statistical Area,AL,378643,399887,413143,413955
Modesto,Metropolitan Statistical Area,CA,370522,446850,514451,547899
Monroe,Metropolitan Statistical Area,LA,162987,170054,176505,178445
Monroe,Metropolitan Statistical Area,MI,133600,145939,152021,149649
Montgomery,Metropolitan Statistical Area,AL,305175,346571,374541,373903
Montrose,Micropolitan Statistical Area,CO,24423,33438,41278,41784
Morehead City,Micropolitan Statistical Area,NC,52407,59334,66463,68881
Morgan City,Micropolitan Statistical Area,LA,58086,53539,54650,50973
Morgantown,Metropolitan Statistical Area,WV,104546,111201,129709,138709
Morristown,Metropolitan Statistical Area,TN,83496,102444,114193,118081
Moscow,Micropolitan Statistical Area,ID,30617,34925,37239,39333
Moses Lake,Micropolitan Statistical Area,WA,54798,74714,89120,95158
Moultrie,Micropolitan Statistical Area,GA,36645,42050,45497,45835
Mountain Home,Micropolitan Statistical Area,AR,31186,38365,41513,41355
Mountain Home,Micropolitan Statistical Area,ID,21205,29116,27038,26823
Mount Airy,Micropolitan Statistical Area,NC,61704,71208,73748,72224
Mount Pleasant,Micropolitan Statistical Area,MI,54624,63336,70311,71063
Mount Pleasant,Micropolitan Statistical Area,TX,24009,28118,32334,32904
Mount Sterling,Micropolitan Statistical Area,KY,34345,40174,44398,46761
Mount Vernon,Micropolitan Statistical Area,IL,37020,40051,38825,38179
Mount Vernon,Micropolitan Statistical Area,OH,47473,54482,60930,61261
Mount Vernon - Anacortes,Metropolitan Statistical Area,WA,79545,103017,116896,125619
Muncie,Metropolitan Statistical Area,IN,119659,118769,117669,115184
Murray,Micropolitan Statistical Area,KY,30735,34182,37191,38919
Muscatine,Micropolitan Statistical Area,IA,39907,41723,42749,42880
Muskegon,Metropolitan Statistical Area,MI,158983,170208,172188,173693
Muskogee,Micropolitan Statistical Area,OK,68078,69471,70988,69086
Myrtle Beach - Conway - North Myrtle Beach,Metropolitan Statistical Area,SC-NC,195038,269679,376722,464165
Nacogdoches,Micropolitan Statistical Area,TX,54753,59197,64524,65580
Napa,Metropolitan Statistical Area,CA,110765,124344,136530,140973
Naples - Immokalee - Marco Island,Metropolitan Statistical Area,FL,152099,251412,321520,372880
Nashville-Davidson - Murfreesboro - Franklin,Metropolitan Statistical Area,TN,1103028,1381412,1670883,1903045
Natchez,Micropolitan Statistical Area,MS-LA,56184,54560,53119,50869
Natchitoches,Micropolitan Statistical Area,LA,37254,39077,39566,39021
New Bern,Metropolitan Statistical Area,NC,102541,114733,126812,124864
Newberry,Micropolitan Statistical Area,SC,33172,35979,37508,38488
New Castle,Micropolitan Statistical Area,IN,48139,48511,49466,48476
New Castle,Micropolitan Statistical Area,PA,96246,94567,91140,87069
New Haven - Milford,Metropolitan Statistical Area,CT,804219,823993,862462,860435
New Orleans - Metairie,Metropolitan Statistical Area,LA,1285262,1337740,1189859,1275762
New Philadelphia - Dover,Micropolitan Statistical Area,OH,84090,90919,92582,92297
Newport,Micropolitan Statistical Area,OR,38889,44481,46032,48920
Newport,Micropolitan Statistical Area,TN,29141,33548,35642,35556
Newton,Micropolitan Statistical Area,IA,34795,37229,36842,36966
New Ulm,Micropolitan Statistical Area,MN,26984,26916,25893,25194
New York - Newark - Jersey City,Metropolitan Statistical Area,NY-NJ-PA,17430704,18945888,19566480,20320876
Niles - Benton Harbor,Metropolitan Statistical Area,MI,161378,162491,156817,154259
Nogales,Micropolitan Statistical Area,AZ,29676,38381,47423,46212
Norfolk,Micropolitan Statistical Area,NE,46726,49550,48270,48270
North Platte,Micropolitan Statistical Area,NE,33932,35937,37590,36547
North Port - Sarasota - Bradenton,Metropolitan Statistical Area,FL,489483,589998,702313,804690
North Vernon,Micropolitan Statistical Area,IN,23661,27561,28529,27626
North Wilkesboro,Micropolitan Statistical Area,NC,59393,65630,69303,68576
Norwalk,Micropolitan Statistical Area,OH,56238,59447,59625,58494
Norwich - New London,Metropolitan Statistical Area,CT,254957,259108,274059,269033
Oak Harbor,Micropolitan Statistical Area,WA,60195,71571,78506,83159
Ocala,Metropolitan Statistical Area,FL,194835,258873,331301,354353
Ocean City,Metropolitan Statistical Area,NJ,95089,102323,97265,93553
Odessa,Metropolitan Statistical Area,TX,118934,121124,137136,157087
Ogden - Clearfield,Metropolitan Statistical Area,UT,388284,485410,597159,665358
Ogdensburg - Massena,Micropolitan Statistical Area,NY,111974,111922,111941,109623
Oil City,Micropolitan Statistical Area,PA,59381,57500,54983,51762
Okeechobee,Micropolitan Statistical Area,FL,29627,35869,39996,41605
Oklahoma City,Metropolitan Statistical Area,OK,971042,1095553,1252991,1383737
Olean,Micropolitan Statistical Area,NY,84234,83874,80343,77348
Olympia - Tumwater,Metropolitan Statistical Area,WA,161238,207392,252260,280588
Omaha - Council Bluffs,Metropolitan Statistical Area,NE-IA,685797,767175,865356,933316
Oneonta,Micropolitan Statistical Area,NY,60390,61692,62272,60094
Ontario,Micropolitan Statistical Area,OR-ID,42472,52202,53934,53695
Opelousas,Micropolitan Statistical Area,LA,80312,87662,83387,83497
Orangeburg,Micropolitan Statistical Area,SC,84804,91511,92495,87476
Orlando - Kissimmee - Sanford,Metropolitan Statistical Area,FL,1224844,1644509,2134399,2509831
Oshkosh - Neenah,Metropolitan Statistical Area,WI,140320,156752,166994,170414
Oskaloosa,Micropolitan Statistical Area,IA,21532,22319,22381,22235
Othello,Micropolitan Statistical Area,WA,13603,16426,18728,19506
Ottawa,Micropolitan Statistical Area,KS,21994,24784,25996,25733
Ottawa - Peru,Micropolitan Statistical Area,IL,148331,153172,154899,149037
Ottumwa,Micropolitan Statistical Area,IA,44008,44608,44378,44010
Owatonna,Micropolitan Statistical Area,MN,30729,33684,36576,36887
Owensboro,Metropolitan Statistical Area,KY,104681,109879,114754,118376
Owosso,Micropolitan Statistical Area,MI,69770,71695,70648,68446
Oxford,Micropolitan Statistical Area,MS,31826,38687,47359,54374
Oxford,Micropolitan Statistical Area,NC,38341,48486,57522,59557
Oxnard - Thousand Oaks - Ventura,Metropolitan Statistical Area,CA,669016,753230,823391,854223
Ozark,Micropolitan Statistical Area,AL,49633,49120,50247,49226
Paducah,Micropolitan Statistical Area,KY-IL,94595,98773,98760,97037
Pahrump,Micropolitan Statistical Area,NV,17781,32522,43945,44202
Palatka,Micropolitan Statistical Area,FL,65070,70418,74366,73464
Palestine,Micropolitan Statistical Area,TX,48024,55114,58458,57741
Palm Bay - Melbourne - Titusville,Metropolitan Statistical Area,FL,398978,476299,543378,589162
Pampa,Micropolitan Statistical Area,TX,23967,22742,22535,22404
Panama City,Metropolitan Statistical Area,FL,138498,162818,184715,199723
Paragould,Micropolitan Statistical Area,AR,31804,37383,42090,45053
Paris,Micropolitan Statistical Area,TN,27888,31112,32354,32450
Paris,Micropolitan Statistical Area,TX,43949,48491,49789,49587
Parkersburg - Vienna,Metropolitan Statistical Area,WV,92107,93819,92674,90898
Parsons,Micropolitan Statistical Area,KS,23693,22821,21610,20145
Payson,Micropolitan Statistical Area,AZ,40216,51298,53597,53501
Pearsall,Micropolitan Statistical Area,TX,13472,16255,17217,19600
Pecos,Micropolitan Statistical Area,TX,15852,13141,13783,15281
Pella,Micropolitan Statistical Area,IA,30001,32048,33309,33105
Pensacola - Ferry Pass - Brent,Metropolitan Statistical Area,FL,344406,412167,448992,487784
Peoria,Metropolitan Statistical Area,IL,358552,366911,379186,372427
Peru,Micropolitan Statistical Area,IN,36897,36085,36908,35845
Philadelphia - Camden - Wilmington,Metropolitan Statistical Area,PA-NJ-DE-MD,5435550,5686329,5965693,6096120
Phoenix - Mesa - Scottsdale,Metropolitan Statistical Area,AZ,2238498,3251884,4193129,4737270
Picayune,Micropolitan Statistical Area,MS,38714,48518,55747,55270
Pierre,Micropolitan Statistical Area,SD,18859,20808,21356,22084
Pine Bluff,Metropolitan Statistical Area,AR,106958,107339,100278,90963
Pinehurst - Southern Pines,Micropolitan Statistical Area,NC,59000,74772,88246,97264
Pittsburg,Micropolitan Statistical Area,KS,35582,38248,39135,39034
Pittsburgh,Metropolitan Statistical Area,PA,2468289,2431233,2356291,2333367
Pittsfield,Metropolitan Statistical Area,MA,139352,134922,131272,126313
Plainview,Micropolitan Statistical Area,TX,34671,36605,36227,34134
Platteville,Micropolitan Statistical Area,WI,49266,49590,51208,51999
Plattsburgh,Micropolitan Statistical Area,NY,85969,79882,82131,80980
Plymouth,Micropolitan Statistical Area,IN,42182,45126,47047,46498
Pocatello,Metropolitan Statistical Area,ID,66026,75562,82839,85269
Point Pleasant,Micropolitan Statistical Area,WV-OH,56132,57010,58272,56774
Ponca City,Micropolitan Statistical Area,OK,48056,48086,46562,44544
Ponce,Metropolitan Statistical Area,PR,362644,382982,350384,300843
Pontiac,Micropolitan Statistical Area,IL,39301,39734,38950,36518
Poplar Bluff,Micropolitan Statistical Area,MO,38765,40864,42794,42666
Portales,Micropolitan Statistical Area,NM,16702,18022,19840,18847
Port Angeles,Micropolitan Statistical Area,WA,56210,64183,71404,75474
Port Clinton,Micropolitan Statistical Area,OH,40029,40974,41434,40657
Portland - South Portland,Metropolitan Statistical Area,ME,441257,487508,514102,532083
Portland - Vancouver - Hillsboro,Metropolitan Statistical Area,OR-WA,1523741,1927904,2226001,2453168
Port Lavaca,Micropolitan Statistical Area,TX,19053,20645,21381,21744
Portsmouth,Micropolitan Statistical Area,OH,80327,79215,79497,75929
Port St. Lucie,Metropolitan Statistical Area,FL,251071,319456,424107,473429
Pottsville,Micropolitan Statistical Area,PA,152585,150263,148289,142569
Prescott,Metropolitan Statistical Area,AZ,107714,167377,211015,228168
Price,Micropolitan Statistical Area,UT,20228,20531,21403,20295
Prineville,Micropolitan Statistical Area,OR,14111,19175,20978,23123
Providence - Warwick,Metropolitan Statistical Area,RI-MA,1509789,1582961,1601210,1621122
Provo - Orem,Metropolitan Statistical Area,UT,269407,376775,526885,617675
Pueblo,Metropolitan Statistical Area,CO,123051,141490,159063,166475
Pullman,Micropolitan Statistical Area,WA,38775,40742,44778,49046
Punta Gorda,Metropolitan Statistical Area,FL,110975,141620,159968,182033
Quincy,Micropolitan Statistical Area,IL-MO,76323,78748,77312,76201
Racine,Metropolitan Statistical Area,WI,175034,188849,195428,196071
Raleigh,Metropolitan Statistical Area,NC,544031,797188,1130489,1335079
Rapid City,Metropolitan Statistical Area,SD,109400,120117,134616,146850
Raymondville,Micropolitan Statistical Area,TX,17705,20079,22137,21584
Reading,Metropolitan Statistical Area,PA,336523,373712,411538,417854
Red Bluff,Micropolitan Statistical Area,CA,49625,56060,63440,63926
Redding,Metropolitan Statistical Area,CA,147036,163242,177223,179921
Red Wing,Micropolitan Statistical Area,MN,40690,44139,46182,46304
Reno,Metropolitan Statistical Area,NV,257193,342881,425437,464593
Rexburg,Micropolitan Statistical Area,ID,34611,39304,50787,52235
Richmond,Micropolitan Statistical Area,IN,71951,71087,69003,66185
Richmond,Metropolitan Statistical Area,VA,914805,1055796,1208087,1294204
Richmond - Berea,Micropolitan Statistical Area,KY,72311,87462,99972,107924
Rio Grande City,Micropolitan Statistical Area,TX,40518,53573,60968,64454
Riverside - San Bernardino - Ontario,Metropolitan Statistical Area,CA,2588793,3254799,4224965,4580670
Riverton,Micropolitan Statistical Area,WY,33662,35805,40123,39803
Roanoke,Metropolitan Statistical Area,VA,268513,288370,308670,314128
Roanoke Rapids,Micropolitan Statistical Area,NC,76520,79495,76735,71172
Rochelle,Micropolitan Statistical Area,IL,45957,51001,53497,51063
Rochester,Metropolitan Statistical Area,MN,162722,184745,206877,218280
Rochester,Metropolitan Statistical Area,NY,1025220,1062522,1079691,1077948
Rockford,Metropolitan Statistical Area,IL,283719,320229,349431,338291
Rockingham,Micropolitan Statistical Area,NC,44511,46597,46642,44798
Rock Springs,Micropolitan Statistical Area,WY,38823,37620,43806,43534
Rocky Mount,Metropolitan Statistical Area,NC,133369,142982,152374,146738
Rolla,Micropolitan Statistical Area,MO,35248,39826,45154,44744
Rome,Metropolitan Statistical Area,GA,81251,90622,96316,97613
Roseburg,Micropolitan Statistical Area,OR,94649,100375,107667,109405
Roswell,Micropolitan Statistical Area,NM,57849,61373,65648,64866
Ruidoso,Micropolitan Statistical Area,NM,12219,19374,20493,19395
Russellville,Micropolitan Statistical Area,AR,63642,75619,83939,85358
Ruston,Micropolitan Statistical Area,LA,41745,42503,46735,47744
Rutland,Micropolitan Statistical Area,VT,62142,63386,61649,59087
Sacramento - Roseville - Arden-Arcade,Metropolitan Statistical Area,CA,1506792,1796822,2149144,2324884
Safford,Micropolitan Statistical Area,AZ,26554,33475,37220,37466
Saginaw,Metropolitan Statistical Area,MI,211946,210051,200169,191934
Salem,Micropolitan Statistical Area,OH,108276,112050,107841,103077
Salem,Metropolitan Statistical Area,OR,278024,347256,390754,424982
Salina,Micropolitan Statistical Area,KS,54935,59763,61729,60597
Salinas,Metropolitan Statistical Area,CA,355660,401752,415052,437907
Salisbury,Metropolitan Statistical Area,MD-DE,246036,312437,373764,405853
Salt Lake City,Metropolitan Statistical Area,UT,752557,939169,1087808,1203105
San Angelo,Metropolitan Statistical Area,TX,100087,105780,111825,119535
San Antonio - New Braunfels,Metropolitan Statistical Area,TX,1407745,1711578,2142516,2473974
San Diego - Carlsbad,Metropolitan Statistical Area,CA,2498016,2813839,3095342,3337685
Sandpoint,Micropolitan Statistical Area,ID,26622,36809,40877,43560
Sandusky,Micropolitan Statistical Area,OH,76781,79623,77066,74817
Sanford,Micropolitan Statistical Area,NC,41370,49196,57858,60430
San Francisco - Oakland - Hayward,Metropolitan Statistical Area,CA,3711756,4123734,4335573,4727357
San Germán,Metropolitan Statistical Area,PR,119597,136212,137722,126097
San Jose - Sunnyvale - Santa Clara,Metropolitan Statistical Area,CA,1534274,1735995,1836940,1998463
San Juan - Carolina - Caguas,Metropolitan Statistical Area,PR,2217966,2387790,2350324,2112005
San Luis Obispo - Paso Robles - Arroyo Grande,Metropolitan Statistical Area,CA,217162,246746,269591,283405
Santa Cruz - Watsonville,Metropolitan Statistical Area,CA,229734,255614,262366,275897
Santa Fe,Metropolitan Statistical Area,NM,98928,129304,144217,148750
Santa Isabel,Micropolitan Statistical Area,PR,19318,21665,23274,21863
Santa Maria - Santa Barbara,Metropolitan Statistical Area,CA,369608,399293,423949,448150
Santa Rosa,Metropolitan Statistical Area,CA,388222,458586,483870,504217
Sault Ste. Marie,Micropolitan Statistical Area,MI,34604,38543,38673,37711
Savannah,Metropolitan Statistical Area,GA,257899,293324,347598,387543
Sayre,Micropolitan Statistical Area,PA,60967,62747,62709,60853
Scottsbluff,Micropolitan Statistical Area,NE,38426,39242,38971,38308
Scottsboro,Micropolitan Statistical Area,AL,47796,53871,53226,51909
Scranton - Wilkes-Barre - Hazleton,Metropolitan Statistical Area,PA,575322,560793,563625,555426
Searcy,Micropolitan Statistical Area,AR,54676,67164,77076,79016
Seattle - Tacoma - Bellevue,Metropolitan Statistical Area,WA,2559136,3043934,3439806,3867046
Sebastian - Vero Beach,Metropolitan Statistical Area,FL,90208,112877,138028,154383
Sebring,Metropolitan Statistical Area,FL,68432,87391,98786,102883
Sedalia,Micropolitan Statistical Area,MO,35437,39418,42201,42558
Selinsgrove,Micropolitan Statistical Area,PA,36680,37506,39709,40801
Selma,Micropolitan Statistical Area,AL,48130,46361,43820,39215
Seneca,Micropolitan Statistical Area,SC,57494,66199,74275,77270
Seneca Falls,Micropolitan Statistical Area,NY,33683,33319,35244,34498
Sevierville,Micropolitan Statistical Area,TN,51050,71200,89725,97638
Seymour,Micropolitan Statistical Area,IN,37730,41397,42376,43884
Shawano,Micropolitan Statistical Area,WI,41232,45230,46187,45550
Shawnee,Micropolitan Statistical Area,OK,58760,65505,69442,72226
Sheboygan,Metropolitan Statistical Area,WI,103877,112663,115510,115344
Shelby,Micropolitan Statistical Area,NC,84958,96129,98030,97334
Shelbyville,Micropolitan Statistical Area,TN,30411,37608,45056,48117
Shelton,Micropolitan Statistical Area,WA,38341,49443,60696,63710
Sheridan,Micropolitan Statistical Area,WY,23562,26563,29116,30210
Sherman - Denison,Metropolitan Statistical Area,TX,95019,110574,120881,131140
Show Low,Micropolitan Statistical Area,AZ,77674,97452,107489,108956
Shreveport - Bossier City,Metropolitan Statistical Area,LA,401998,417787,439811,440933
Sidney,Micropolitan Statistical Area,OH,44915,48292,49418,48759
Sierra Vista - Douglas,Metropolitan Statistical Area,AZ,97624,117743,131356,124756
Sikeston,Micropolitan Statistical Area,MO,39376,40437,39187,38541
Silver City,Micropolitan Statistical Area,NM,27676,31004,29510,27687
Sioux City,Metropolitan Statistical Area,IA-NE-SD,154738,167860,168563,168618
Sioux Falls,Metropolitan Statistical Area,SD,153500,187151,228260,259094
Snyder,Micropolitan Statistical Area,TX,18634,16366,16921,17050
Somerset,Micropolitan Statistical Area,KY,49489,56281,63063,64449
Somerset,Micropolitan Statistical Area,PA,78218,80047,77746,74501
Sonora,Micropolitan Statistical Area,CA,48456,54522,55365,54248
South Bend - Mishawaka,Metropolitan Statistical Area,IN-MI,296529,316653,319215,321815
Spartanburg,Metropolitan Statistical Area,SC,257130,283896,313269,334391
Spearfish,Micropolitan Statistical Area,SD,20655,21805,24090,25429
Spencer,Micropolitan Statistical Area,IA,17585,17369,16667,16170
Spirit Lake,Micropolitan Statistical Area,IA,14909,16429,16667,17199
Spokane - Spokane Valley,Metropolitan Statistical Area,WA,401196,469756,527753,564236
Springfield,Metropolitan Statistical Area,IL,189550,201457,210170,208697
Springfield,Metropolitan Statistical Area,MA,602878,608517,621703,631652
Springfield,Metropolitan Statistical Area,MO,298818,368451,436711,462369
Springfield,Metropolitan Statistical Area,OH,147538,144742,138347,134557
Starkville,Micropolitan Statistical Area,MS,38375,42920,47671,49799
State College,Metropolitan Statistical Area,PA,124812,135678,154030,162660
Statesboro,Micropolitan Statistical Area,GA,43125,55961,70251,76149
Staunton - Waynesboro,Metropolitan Statistical Area,VA,97687,108953,118496,121999
St. Cloud,Metropolitan Statistical Area,MN,149509,167441,189093,197759
Steamboat Springs,Micropolitan Statistical Area,CO,14088,19679,23506,25220
Stephenville,Micropolitan Statistical Area,TX,27991,32981,37900,41969
Sterling,Micropolitan Statistical Area,CO,17567,20566,22709,21896
Sterling,Micropolitan Statistical Area,IL,60186,60662,58498,56118
Stevens Point,Micropolitan Statistical Area,WI,61405,67181,70019,70474
St. George,Metropolitan Statistical Area,UT,48560,90325,138115,165662
Stillwater,Micropolitan Statistical Area,OK,61507,68201,77350,81575
St. Joseph,Metropolitan Statistical Area,MO-KS,115816,123841,127332,126935
St. Louis,Metropolitan Statistical Area,MO-IL,2560517,2675369,2787763,2807338
St. Marys,Micropolitan Statistical Area,GA,30167,43658,50513,53044
St. Marys,Micropolitan Statistical Area,PA,34878,35114,31946,30197
Stockton - Lodi,Metropolitan Statistical Area,CA,480628,563660,685308,745424
Storm Lake,Micropolitan Statistical Area,IA,19965,20415,20260,20110
Sturgis,Micropolitan Statistical Area,MI,58913,62411,61295,60947
Sulphur Springs,Micropolitan Statistical Area,TX,28833,31960,35161,36496
Summerville,Micropolitan Statistical Area,GA,22236,25423,26015,24770
Summit Park,Micropolitan Statistical Area,UT,15518,29746,36324,41106
Sumter,Metropolitan Statistical Area,SC,101276,104687,107463,106847
Sunbury,Micropolitan Statistical Area,PA,96771,94867,94514,92029
Susanville,Micropolitan Statistical Area,CA,27598,33828,34895,31163
Sweetwater,Micropolitan Statistical Area,TX,16594,15805,15217,14770
Syracuse,Metropolitan Statistical Area,NY,659924,650133,662625,654841
Tahlequah,Micropolitan Statistical Area,OK,34049,42475,46985,48888
Talladega - Sylacauga,Micropolitan Statistical Area,AL,85172,92576,94049,90819
Tallahassee,Metropolitan Statistical Area,FL,259107,320259,368770,382627
Tampa - St. Petersburg - Clearwater,Metropolitan Statistical Area,FL,2067959,2396038,2783469,3091399
Taos,Micropolitan Statistical Area,NM,23118,29981,32938,32795
Taylorville,Micropolitan Statistical Area,IL,34418,35380,34800,33102
Terre Haute,Metropolitan Statistical Area,IN,166578,170952,172420,169965
Texarkana,Metropolitan Statistical Area,TX-AR,134098,143379,149195,150355
The Dalles,Micropolitan Statistical Area,OR,21683,23797,25211,26437
The Villages,Metropolitan Statistical Area,FL,31577,53337,93420,125165
Thomaston,Micropolitan Statistical Area,GA,26300,27761,27153,26135
Thomasville,Micropolitan Statistical Area,GA,38943,42791,44719,44779
Tiffin,Micropolitan Statistical Area,OH,59733,58663,56742,55243
Tifton,Micropolitan Statistical Area,GA,34998,38376,40131,40598
Toccoa,Micropolitan Statistical Area,GA,23436,25442,26172,25890
Toledo,Metropolitan Statistical Area,OH,614128,618216,610002,603668
Topeka,Metropolitan Statistical Area,KS,210257,224568,233866,233149
Torrington,Micropolitan Statistical Area,CT,174092,182183,189926,182177
Traverse City,Micropolitan Statistical Area,MI,106497,131331,143366,148671
Trenton,Metropolitan Statistical Area,NJ,325759,350773,367517,374733
Troy,Micropolitan Statistical Area,AL,27595,29688,32899,33267
Truckee - Grass Valley,Micropolitan Statistical Area,CA,78510,92055,98748,99814
Tucson,Metropolitan Statistical Area,AZ,666957,843702,980260,1022769
Tullahoma - Manchester,Micropolitan Statistical Area,TN,79962,93008,100209,103070
Tulsa,Metropolitan Statistical Area,OK,761019,859635,937531,990706
Tupelo,Micropolitan Statistical Area,MS,107833,125249,136268,140081
Tuscaloosa,Metropolitan Statistical Area,AL,186697,204116,230170,242799
Twin Falls,Metropolitan Statistical Area,ID,68718,82687,99604,108751
Tyler,Metropolitan Statistical Area,TX,151309,174861,209721,227727
Ukiah,Micropolitan Statistical Area,CA,80345,86253,87840,88018
Union City,Micropolitan Statistical Area,TN-KY,39988,40225,38620,36577
Urbana,Micropolitan Statistical Area,OH,36019,38904,40093,38840
Utica - Rome,Metropolitan Statistical Area,NY,316645,300018,299348,293572
Uvalde,Micropolitan Statistical Area,TX,23340,25919,26405,27132
Valdosta,Metropolitan Statistical Area,GA,99244,119570,139666,145437
Vallejo - Fairfield,Metropolitan Statistical Area,CA,339469,394495,413344,445458
Valley,Micropolitan Statistical Area,AL,36876,36600,34170,33713
Van Wert,Micropolitan Statistical Area,OH,30464,29654,28743,28217
Vermillion,Micropolitan Statistical Area,SD,13186,13538,13868,13990
Vernal,Micropolitan Statistical Area,UT,22211,25174,32588,35150
Vernon,Micropolitan Statistical Area,TX,15121,14679,13535,12764
Vicksburg,Micropolitan Statistical Area,MS,59250,61505,58371,55718
Victoria,Metropolitan Statistical Area,TX,80341,91000,94003,99646
Vidalia,Micropolitan Statistical Area,GA,31451,34367,36350,36030
Vincennes,Micropolitan Statistical Area,IN,39884,39263,38440,37508
Vineland - Bridgeton,Metropolitan Statistical Area,NJ,138053,146454,156628,152538
Vineyard Haven,Micropolitan Statistical Area,MA,11639,15001,16535,17325
Virginia Beach - Norfolk - Newport News,Metropolitan Statistical Area,VA-NC,1454015,1580603,1676817,1725246
Visalia - Porterville,Metropolitan Statistical Area,CA,311932,368011,442178,464493
Wabash,Micropolitan Statistical Area,IN,35069,34968,32885,31443
Waco,Metropolitan Statistical Area,TX,206835,232088,252768,268696
Wahpeton,Micropolitan Statistical Area,ND-MN,25664,25127,22897,22675
Walla Walla,Metropolitan Statistical Area,WA,52463,59241,62859,64614
Wapakoneta,Micropolitan Statistical Area,OH,44585,46230,45949,45778
Warner Robins,Metropolitan Statistical Area,GA,118505,144046,179605,191779
Warren,Micropolitan Statistical Area,PA,45050,43784,41815,39659
Warrensburg,Micropolitan Statistical Area,MO,42514,48270,52595,53897
Warsaw,Micropolitan Statistical Area,IN,65294,74053,77356,79206
Washington,Micropolitan Statistical Area,IN,27533,29815,31654,33113
Washington,Micropolitan Statistical Area,NC,42283,44916,47763,47088
Washington - Arlington - Alexandria,Metropolitan Statistical Area,DC-VA-MD-WV,4156672,4837674,5636361,6216589
Washington Court House,Micropolitan Statistical Area,OH,27466,28474,29025,28752
Waterloo - Cedar Falls,Metropolitan Statistical Area,IA,158640,163721,167819,169892
Watertown,Micropolitan Statistical Area,SD,22698,25909,27225,28099
Watertown - Fort Atkinson,Micropolitan Statistical Area,WI,67783,75855,83681,84832
Watertown - Fort Drum,Metropolitan Statistical Area,NY,110943,111716,116232,114187
Wauchula,Micropolitan Statistical Area,FL,19499,26854,27731,27411
Wausau,Metropolitan Statistical Area,WI,115400,125908,134063,135732
Waycross,Micropolitan Statistical Area,GA,48799,51121,55068,55178
Weatherford,Micropolitan Statistical Area,OK,26897,26147,27469,28800
Weirton - Steubenville,Metropolitan Statistical Area,WV-OH,142523,131995,124455,118250
Wenatchee,Metropolitan Statistical Area,WA,78455,99200,110895,118478
West Plains,Micropolitan Statistical Area,MO,31447,37273,40400,40103
West Point,Micropolitan Statistical Area,MS,21120,21984,20634,19640
Wheeling,Metropolitan Statistical Area,WV-OH,159301,153200,147951,141254
Whitewater - Elkhorn,Micropolitan Statistical Area,WI,75000,91895,102228,103082
Wichita,Metropolitan Statistical Area,KS,519403,579860,630924,645628
Wichita Falls,Metropolitan Statistical Area,TX,140375,151596,151476,151230
Williamsport,Metropolitan Statistical Area,PA,118710,120003,116108,113841
Williston,Micropolitan Statistical Area,ND,21129,19754,22399,33349
Willmar,Micropolitan Statistical Area,MN,38761,41193,42239,42743
Wilmington,Metropolitan Statistical Area,NC,149139,201386,254881,288156
Wilmington,Micropolitan Statistical Area,OH,35444,40473,42037,42009
Wilson,Micropolitan Statistical Area,NC,66061,73810,81230,81671
Winchester,Metropolitan Statistical Area,VA-WV,84168,102996,128475,137887
Winnemucca,Micropolitan Statistical Area,NV,12844,16081,16525,16826
Winona,Micropolitan Statistical Area,MN,47828,49996,51461,50873
Winston-Salem,Metropolitan Statistical Area,NC,488114,569355,640554,667733
Wisconsin Rapids - Marshfield,Micropolitan Statistical Area,WI,73605,75500,74749,73126
Woodward,Micropolitan Statistical Area,OK,18976,18489,20081,20459
Wooster,Micropolitan Statistical Area,OH,101461,111562,114516,116038
Worcester,Metropolitan Statistical Area,MA-CT,812236,859106,916802,942475
Worthington,Micropolitan Statistical Area,MN,20098,20832,21378,21944
Yakima,Metropolitan Statistical Area,WA,188823,222578,243237,250193
Yankton,Micropolitan Statistical Area,SD,19252,21657,22438,22662
York - Hanover,Metropolitan Statistical Area,PA,339574,381791,434998,446078
Youngstown - Warren - Boardman,Metropolitan Statistical Area,OH-PA,613604,603061,565799,541926
Yuba City,Metropolitan Statistical Area,CA,122643,139196,166889,173679
Yuma,Metropolitan Statistical Area,AZ,106895,159995,195750,207534
Zanesville,Micropolitan Statistical Area,OH,82068,84549,86086,86149
Zapata,Micropolitan Statistical Area,TX,9279,12081,14018,14322
